source_db_id;source_schema_name;source_table_name;target_db_id;target_schema_name;target_table_name;source_insert_id_colname;source_last_updated_on_colname;is_static_support_table;can_insert_rows;can_update_rows;can_delete_rows;update_target_table_algorithm_id;update_target_table;compare_target_table;mark_rows_for_deletion_algorithm_id;delete_marked_rows_algorithm_id;mark_rows_for_deletion;delete_marked_rows;row_can_be_deleted_from_seconds;can_delete_row_schema_name;can_delete_row_table_name;delete_marked_rows_table_order;source_db_etl_state_register_schema_name;source_db_etl_state_register_table_name
6;public;alarm_action_type;10;public;mon__alarm_action_type;;;Y;Y;Y;N;4;Y;Y;0;0;N;N;;<null>;<null>;;public;dwh_etl_state_register
6;public;alarm_actions;10;public;mon__alarm_actions;alarm_action_id;;N;Y;N;N;1;Y;Y;0;0;N;N;;<null>;<null>;;public;dwh_etl_state_register
6;public;alarm_event_publishing_queue;10;public;mon__alarm_event_publishing_queue;aepq_id;publishing_queue_status_timestamp;N;Y;Y;N;6;Y;Y;0;0;N;N;;<null>;<null>;;public;dwh_etl_state_register
6;public;alarm_events;10;public;mon__alarm_events;alarm_event_id;;N;Y;N;N;1;Y;Y;0;0;N;N;;<null>;<null>;;public;dwh_etl_state_register
6;public;alarm_priority;10;public;mon__alarm_priority;;;Y;Y;Y;N;4;Y;Y;0;0;N;N;;<null>;<null>;;public;dwh_etl_state_register
6;public;alarm_severity;10;public;mon__alarm_severity;;;Y;Y;Y;N;4;Y;Y;0;0;N;N;;<null>;<null>;;public;dwh_etl_state_register
6;public;alarm_state;10;public;mon__alarm_state;;;Y;Y;Y;N;4;Y;Y;0;0;N;N;;<null>;<null>;;public;dwh_etl_state_register
6;public;alarm_status;10;public;mon__alarm_status;;;Y;Y;Y;N;4;Y;Y;0;0;N;N;;<null>;<null>;;public;dwh_etl_state_register
6;public;alarms;10;public;mon__alarms;alarm_id;;N;Y;N;N;1;Y;Y;0;0;N;N;;<null>;<null>;;public;dwh_etl_state_register
6;public;check_operation;10;public;mon__check_operation;;;Y;Y;Y;N;4;Y;Y;0;0;N;N;;<null>;<null>;;public;dwh_etl_state_register
6;public;country;10;public;mon__country;;;Y;Y;Y;N;4;Y;Y;0;0;N;N;;<null>;<null>;;public;dwh_etl_state_register
6;public;cso_reference_type;10;public;mon__cso_reference_type;;;Y;Y;Y;N;4;Y;Y;0;0;N;N;;<null>;<null>;;public;dwh_etl_state_register
6;public;data_collection_source;10;public;mon__data_collection_source;dcs_id;last_updated_on;N;Y;Y;N;6;Y;Y;0;0;N;N;;<null>;<null>;;public;dwh_etl_state_register
6;public;database_patch_log;10;public;mon__database_patch_log;database_patch_log_id;;N;Y;N;N;1;Y;Y;0;0;N;N;;<null>;<null>;;public;dwh_etl_state_register
6;public;datamodel_type;10;public;mon__datamodel_type;;;Y;Y;Y;N;4;Y;Y;0;0;N;N;;<null>;<null>;;public;dwh_etl_state_register
6;public;datamodel_version_tracking;10;public;mon__datamodel_version_tracking;dmvt_id;last_updated_on;N;Y;Y;N;6;Y;Y;0;0;N;N;;<null>;<null>;;public;dwh_etl_state_register
6;public;datamodels;10;public;mon__datamodels;;;Y;Y;Y;N;4;Y;Y;0;0;N;N;;<null>;<null>;;public;dwh_etl_state_register
6;public;datasource_status;10;public;mon__datasource_status;;;Y;Y;Y;N;4;Y;Y;0;0;N;N;;<null>;<null>;;public;dwh_etl_state_register
6;public;datasource_type;10;public;mon__datasource_type;;;Y;Y;Y;N;4;Y;Y;0;0;N;N;;<null>;<null>;;public;dwh_etl_state_register
6;public;db_object_size_statistics;10;public;mon__db_object_size_statistics;doss_id;;N;Y;N;N;1;Y;Y;0;0;N;N;;<null>;<null>;;public;dwh_etl_state_register
6;public;db_size_statistics;10;public;mon__db_size_statistics;dss_id;;N;Y;N;N;1;Y;Y;0;0;N;N;;<null>;<null>;;public;dwh_etl_state_register
6;public;engineering_data;10;public;mon__engineering_data;engineering_data_id;;N;Y;N;N;1;Y;Y;0;0;N;N;;<null>;<null>;;public;dwh_etl_state_register
6;public;engineering_data_links;10;public;mon__engineering_data_links;engineering_data_link_id;;N;Y;N;N;1;Y;Y;0;0;N;N;;<null>;<null>;;public;dwh_etl_state_register
6;public;engineering_data_type;10;public;mon__engineering_data_type;;;Y;Y;Y;N;4;Y;Y;0;0;N;N;;<null>;<null>;;public;dwh_etl_state_register
6;public;filter_thresholds;10;public;mon__filter_thresholds;filter_threshold_id;;N;Y;N;N;1;Y;Y;0;0;N;N;;<null>;<null>;;public;dwh_etl_state_register
6;public;history_datamodel_version_tracking;10;public;mon__history_datamodel_version_tracking;history_event_id;last_updated_on;N;Y;Y;N;6;Y;Y;0;0;N;N;;<null>;<null>;;public;dwh_etl_state_register
6;public;history_event_type;10;public;mon__history_event_type;;;Y;Y;Y;N;4;Y;Y;0;0;N;N;;<null>;<null>;;public;dwh_etl_state_register
6;public;history_managed_process_versions;10;public;mon__history_managed_process_versions;history_event_id;last_updated_on;N;Y;Y;N;6;Y;Y;0;0;N;N;;<null>;<null>;;public;dwh_etl_state_register
6;public;java_exception_data;10;public;mon__java_exception_data;jed_id;;N;Y;N;N;1;Y;Y;0;0;N;N;;<null>;<null>;;public;dwh_etl_state_register
6;public;java_exception_data_links;10;public;mon__java_exception_data_links;java_exception_data_link_id;;N;Y;N;N;1;Y;Y;0;0;N;N;;<null>;<null>;;public;dwh_etl_state_register
6;public;managed_object_children;10;public;mon__managed_object_children;moc_id;;N;Y;N;N;1;Y;Y;0;0;N;N;;<null>;<null>;;public;dwh_etl_state_register
6;public;managed_object_class;10;public;mon__managed_object_class;;;Y;Y;Y;N;4;Y;Y;0;0;N;N;;<null>;<null>;;public;dwh_etl_state_register
6;public;managed_object_data;10;public;mon__managed_object_data;managed_object_data_id;;N;Y;N;N;1;Y;Y;0;0;N;N;;<null>;<null>;;public;dwh_etl_state_register
6;public;managed_object_data_sources;10;public;mon__managed_object_data_sources;mods_id;;N;Y;N;N;1;Y;Y;0;0;N;N;;<null>;<null>;;public;dwh_etl_state_register
6;public;managed_object_data_type;10;public;mon__managed_object_data_type;;;Y;Y;Y;N;4;Y;Y;0;0;N;N;;<null>;<null>;;public;dwh_etl_state_register
6;public;managed_object_domain;10;public;mon__managed_object_domain;;;Y;Y;Y;N;4;Y;Y;0;0;N;N;;<null>;<null>;;public;dwh_etl_state_register
6;public;managed_object_environment;10;public;mon__managed_object_environment;;;Y;Y;Y;N;4;Y;Y;0;0;N;N;;<null>;<null>;;public;dwh_etl_state_register
6;public;managed_object_state;10;public;mon__managed_object_state;;;Y;Y;Y;N;4;Y;Y;0;0;N;N;;<null>;<null>;;public;dwh_etl_state_register
6;public;managed_object_state_event_publishing_queue;10;public;mon__managed_object_state_event_publishing_queue;aepq_id;publishing_queue_status_timestamp;N;Y;Y;N;6;Y;Y;0;0;N;N;;<null>;<null>;;public;dwh_etl_state_register
6;public;managed_object_type;10;public;mon__managed_object_type;;;Y;Y;Y;N;4;Y;Y;0;0;N;N;;<null>;<null>;;public;dwh_etl_state_register
6;public;managed_objects;10;public;mon__managed_objects;managed_object_id;last_updated_on;N;Y;Y;N;6;Y;Y;0;0;N;N;;<null>;<null>;;public;dwh_etl_state_register
6;public;managed_process_control;10;public;mon__managed_process_control;mpc_id;heartbeat_timestamp;N;Y;Y;N;6;Y;Y;0;0;N;N;;<null>;<null>;;public;dwh_etl_state_register
6;public;managed_process_register;10;public;mon__managed_process_register;;;Y;Y;Y;N;4;Y;Y;0;0;N;N;;<null>;<null>;;public;dwh_etl_state_register
6;public;managed_process_versions;10;public;mon__managed_process_versions;mpv_id;last_updated_on;N;Y;Y;N;6;Y;Y;0;0;N;N;;<null>;<null>;;public;dwh_etl_state_register
6;public;measurement_data;10;public;mon__measurement_data;;;Y;Y;Y;N;4;Y;Y;0;0;N;N;;<null>;<null>;;public;dwh_etl_state_register
6;public;mex_dedupe_pool_oboems_control_msg;10;public;mon__mex_dedupe_pool_oboems_control_msg;pool_item_id;;N;Y;N;N;1;Y;Y;0;0;N;N;;<null>;<null>;;public;dwh_etl_state_register
6;public;mex_dedupe_pool_oboems_events;10;public;mon__mex_dedupe_pool_oboems_events;pool_item_id;;N;Y;N;N;1;Y;Y;0;0;N;N;;<null>;<null>;;public;dwh_etl_state_register
6;public;mex_event_category;10;public;mon__mex_event_category;;;Y;Y;Y;N;4;Y;Y;0;0;N;N;;<null>;<null>;;public;dwh_etl_state_register
6;public;mex_track_oboems_control_msg;10;public;mon__mex_track_oboems_control_msg;mex_id;;N;Y;N;N;1;Y;Y;0;0;N;N;;<null>;<null>;;public;dwh_etl_state_register
6;public;mex_track_oboems_events;10;public;mon__mex_track_oboems_events;mex_id;;N;Y;N;N;1;Y;Y;0;0;N;N;;<null>;<null>;;public;dwh_etl_state_register
6;public;moc_allowed_child_classes;10;public;mon__moc_allowed_child_classes;mocacc_id;;N;Y;N;N;1;Y;Y;0;0;N;N;;<null>;<null>;;public;dwh_etl_state_register
6;public;netxms_alarms;10;public;mon__netxms_alarms;;;Y;Y;Y;N;4;Y;Y;0;0;N;N;;<null>;<null>;;public;dwh_etl_state_register
6;public;notification_extended_data;10;public;mon__notification_extended_data;ned_id;;N;Y;N;N;1;Y;Y;0;0;N;N;;<null>;<null>;;public;dwh_etl_state_register
6;public;notification_level;10;public;mon__notification_level;;;Y;Y;Y;N;4;Y;Y;0;0;N;N;;<null>;<null>;;public;dwh_etl_state_register
6;public;notifications;10;public;mon__notifications;;;Y;Y;Y;N;4;Y;Y;0;0;N;N;;<null>;<null>;;public;dwh_etl_state_register
6;public;process_state;10;public;mon__process_state;;;Y;Y;Y;N;4;Y;Y;0;0;N;N;;<null>;<null>;;public;dwh_etl_state_register
6;public;property_collection_data;10;public;mon__property_collection_data;property_collection_data_id;;N;Y;N;N;1;Y;Y;0;0;N;N;;<null>;<null>;;public;dwh_etl_state_register
6;public;property_collection_links;10;public;mon__property_collection_links;property_collection_link_id;;N;Y;N;N;1;Y;Y;0;0;N;N;;<null>;<null>;;public;dwh_etl_state_register
6;public;property_collections;10;public;mon__property_collections;property_collection_id;;N;Y;N;N;1;Y;Y;0;0;N;N;;<null>;<null>;;public;dwh_etl_state_register
6;public;publishing_queue_status;10;public;mon__publishing_queue_status;;;Y;Y;Y;N;4;Y;Y;0;0;N;N;;<null>;<null>;;public;dwh_etl_state_register
6;public;security_authentication_type;10;public;mon__security_authentication_type;;;Y;Y;Y;N;4;Y;Y;0;0;N;N;;<null>;<null>;;public;dwh_etl_state_register
6;public;security_realms;10;public;mon__security_realms;;;Y;Y;Y;N;4;Y;Y;0;0;N;N;;<null>;<null>;;public;dwh_etl_state_register
6;public;security_roles;10;public;mon__security_roles;;;Y;Y;Y;N;4;Y;Y;0;0;N;N;;<null>;<null>;;public;dwh_etl_state_register
6;public;sid_register;10;public;mon__sid_register;sid;last_updated_on;N;Y;Y;N;6;Y;Y;0;0;N;N;;<null>;<null>;;public;dwh_etl_state_register
6;public;sid_roles;10;public;mon__sid_roles;;;Y;Y;Y;N;4;Y;Y;0;0;N;N;;<null>;<null>;;public;dwh_etl_state_register
2;public;account_status_list;10;public;obo__account_status_list;record_id;;N;Y;N;N;1;Y;Y;0;0;N;N;;<null>;<null>;;public;dwh_etl_state_register
2;public;actionlists_restreq_tracking;10;public;obo__actionlists_restreq_tracking;request_tracking_id;;N;Y;Y;Y;1;Y;Y;0;0;N;N;;<null>;<null>;;public;dwh_etl_state_register
2;public;actionlists_restreq_type;10;public;obo__actionlists_restreq_type;;;Y;Y;Y;N;4;Y;Y;0;0;N;N;;<null>;<null>;;public;dwh_etl_state_register
2;public;actionlists_restres_error_details;10;public;obo__actionlists_restres_error_details;rred_id;;N;Y;N;N;1;Y;Y;0;0;N;N;;<null>;<null>;;public;dwh_etl_state_register
2;public;actionlists_restres_subcode;10;public;obo__actionlists_restres_subcode;;;Y;Y;Y;N;4;Y;Y;0;0;N;N;;<null>;<null>;;public;dwh_etl_state_register
2;public;analysis_detailed_results;10;public;obo__analysis_detailed_results;analysis_detailed_result_id;;N;Y;N;N;1;Y;Y;0;0;N;N;;<null>;<null>;;public;dwh_etl_state_register
2;public;analysis_queue;10;public;obo__analysis_queue;analysis_queue_id;;N;Y;N;N;1;Y;Y;0;0;N;N;;<null>;<null>;;public;dwh_etl_state_register
2;public;analysis_queue_status;10;public;obo__analysis_queue_status;;;Y;Y;Y;N;4;Y;Y;0;0;N;N;;<null>;<null>;;public;dwh_etl_state_register
2;public;analysis_queue_type;10;public;obo__analysis_queue_type;;;Y;Y;Y;N;4;Y;Y;0;0;N;N;;<null>;<null>;;public;dwh_etl_state_register
2;public;analysis_request;10;public;obo__analysis_request;analysis_request_id;;N;Y;N;N;1;Y;Y;0;0;N;N;;<null>;<null>;;public;dwh_etl_state_register
2;public;analysis_request_status;10;public;obo__analysis_request_status;;;Y;Y;Y;N;4;Y;Y;0;0;N;N;;<null>;<null>;;public;dwh_etl_state_register
2;public;analysis_request_type;10;public;obo__analysis_request_type;;;Y;Y;Y;N;4;Y;Y;0;0;N;N;;<null>;<null>;;public;dwh_etl_state_register
2;public;analysis_result_status;10;public;obo__analysis_result_status;;;Y;Y;Y;N;4;Y;Y;0;0;N;N;;<null>;<null>;;public;dwh_etl_state_register
2;public;analysis_result_type;10;public;obo__analysis_result_type;;;Y;Y;Y;N;4;Y;Y;0;0;N;N;;<null>;<null>;;public;dwh_etl_state_register
2;public;analysis_results;10;public;obo__analysis_results;analysis_result_id;last_updated_on;N;Y;Y;N;6;Y;Y;0;0;N;N;;<null>;<null>;;public;dwh_etl_state_register
2;public;applied_rating_detail_data;10;public;obo__applied_rating_detail_data;ardd_id;;N;Y;N;N;1;Y;Y;0;0;N;N;;<null>;<null>;;public;dwh_etl_state_register
2;public;authenticator_verification_status;10;public;obo__authenticator_verification_status;;;Y;Y;Y;N;4;Y;Y;0;0;N;N;;<null>;<null>;;public;dwh_etl_state_register
2;public;axle_tariff_category;10;public;obo__axle_tariff_category;;;Y;Y;Y;N;4;Y;Y;0;0;N;N;;<null>;<null>;;public;dwh_etl_state_register
2;public;camera_register;10;public;obo__camera_register;camera_id;last_updated_on;N;Y;Y;N;6;Y;Y;0;0;N;N;;<null>;<null>;;public;dwh_etl_state_register
2;public;camera_status;10;public;obo__camera_status;;;Y;Y;Y;N;4;Y;Y;0;0;N;N;;<null>;<null>;;public;dwh_etl_state_register
2;public;camera_type;10;public;obo__camera_type;;;Y;Y;Y;N;4;Y;Y;0;0;N;N;;<null>;<null>;;public;dwh_etl_state_register
2;public;cc_processing_queue;10;public;obo__cc_processing_queue;cc_processing_queue_id;;N;Y;N;N;1;Y;Y;0;0;N;N;;<null>;<null>;;public;dwh_etl_state_register
2;public;chasm_restreq_tracking;10;public;obo__chasm_restreq_tracking;request_tracking_id;request_completed_timestamp;N;Y;Y;N;6;Y;Y;0;0;N;N;;<null>;<null>;;public;dwh_etl_state_register
2;public;chasm_restreq_type;10;public;obo__chasm_restreq_type;;;Y;Y;Y;N;4;Y;Y;0;0;N;N;;<null>;<null>;;public;dwh_etl_state_register
2;public;chasm_restres_error_details;10;public;obo__chasm_restres_error_details;rred_id;;N;Y;N;N;1;Y;Y;0;0;N;N;;<null>;<null>;;public;dwh_etl_state_register
2;public;chasm_restres_subcode;10;public;obo__chasm_restres_subcode;;;Y;Y;Y;N;4;Y;Y;0;0;N;N;;<null>;<null>;;public;dwh_etl_state_register
2;public;compliance_case_cbo_status;10;public;obo__compliance_case_cbo_status;;;Y;Y;Y;N;4;Y;Y;0;0;N;N;;<null>;<null>;;public;dwh_etl_state_register
2;public;compliance_case_completion_category;10;public;obo__compliance_case_completion_category;;;Y;Y;Y;N;4;Y;Y;0;0;N;N;;<null>;<null>;;public;dwh_etl_state_register
2;public;compliance_case_contact_info;10;public;obo__compliance_case_contact_info;ccci_id;last_updated_on;N;Y;Y;N;6;Y;Y;0;0;N;N;;<null>;<null>;;public;dwh_etl_state_register
2;public;compliance_case_dms_records;10;public;obo__compliance_case_dms_records;ccdmsr_id;;N;Y;N;N;1;Y;Y;0;0;N;N;;<null>;<null>;;public;dwh_etl_state_register
2;public;compliance_case_eph_status;10;public;obo__compliance_case_eph_status;;;Y;Y;Y;N;4;Y;Y;0;0;N;N;;<null>;<null>;;public;dwh_etl_state_register
2;public;compliance_case_event_queue;10;public;obo__compliance_case_event_queue;cceq_id;;N;Y;N;N;1;Y;Y;0;0;N;N;;<null>;<null>;;public;dwh_etl_state_register
2;public;compliance_case_event_type;10;public;obo__compliance_case_event_type;;;Y;Y;Y;N;4;Y;Y;0;0;N;N;;<null>;<null>;;public;dwh_etl_state_register
2;public;compliance_case_log;10;public;obo__compliance_case_log;cclog_id;;N;Y;N;N;1;Y;Y;0;0;N;N;;<null>;<null>;;public;dwh_etl_state_register
2;public;compliance_case_passage_event_map;10;public;obo__compliance_case_passage_event_map;;;N;Y;N;Y;4;Y;Y;0;0;N;N;;<null>;<null>;;public;dwh_etl_state_register
2;public;compliance_case_publishing_queue;10;public;obo__compliance_case_publishing_queue;compliance_case_publishing_queue_id;;N;Y;N;N;1;Y;Y;0;0;N;N;;<null>;<null>;;public;dwh_etl_state_register
2;public;compliance_case_register;10;public;obo__compliance_case_register;compliance_case_id;last_updated_on;N;Y;Y;N;6;Y;Y;0;0;N;N;;<null>;<null>;;public;dwh_etl_state_register
2;public;compliance_case_status;10;public;obo__compliance_case_status;;;Y;Y;Y;N;4;Y;Y;0;0;N;N;;<null>;<null>;;public;dwh_etl_state_register
2;public;compliance_case_type;10;public;obo__compliance_case_type;;;Y;Y;Y;N;4;Y;Y;0;0;N;N;;<null>;<null>;;public;dwh_etl_state_register
2;public;compliancecase_restreq_tracking;10;public;obo__compliancecase_restreq_tracking;request_tracking_id;;N;Y;N;N;1;Y;Y;0;0;N;N;;<null>;<null>;;public;dwh_etl_state_register
2;public;compliancecase_restreq_type;10;public;obo__compliancecase_restreq_type;;;Y;Y;Y;N;4;Y;Y;0;0;N;N;;<null>;<null>;;public;dwh_etl_state_register
2;public;compliancecase_restres_error_details;10;public;obo__compliancecase_restres_error_details;rred_id;;N;Y;N;N;1;Y;Y;0;0;N;N;;<null>;<null>;;public;dwh_etl_state_register
2;public;compliancecase_restres_subcode;10;public;obo__compliancecase_restres_subcode;;;Y;Y;Y;N;4;Y;Y;0;0;N;N;;<null>;<null>;;public;dwh_etl_state_register
2;public;config_allowed_status_list_reason_codes;10;public;obo__config_allowed_status_list_reason_codes;caslrc_id;;N;Y;N;N;1;Y;Y;0;0;N;N;;<null>;<null>;;public;dwh_etl_state_register
2;public;config_status_list_code_mappings;10;public;obo__config_status_list_code_mappings;cslcm_id;;N;Y;N;N;1;Y;Y;0;0;N;N;;<null>;<null>;;public;dwh_etl_state_register
2;public;control_point_event_capture_category;10;public;obo__control_point_event_capture_category;;;Y;Y;Y;N;4;Y;Y;0;0;N;N;;<null>;<null>;;public;dwh_etl_state_register
2;public;control_point_event_info_flags;10;public;obo__control_point_event_info_flags;;;Y;Y;Y;N;4;Y;Y;0;0;N;N;;<null>;<null>;;public;dwh_etl_state_register
2;public;control_point_status;10;public;obo__control_point_status;;;Y;Y;Y;N;4;Y;Y;0;0;N;N;;<null>;<null>;;public;dwh_etl_state_register
2;public;control_point_type;10;public;obo__control_point_type;;;Y;Y;Y;N;4;Y;Y;0;0;N;N;;<null>;<null>;;public;dwh_etl_state_register
2;public;control_points;10;public;obo__control_points;control_point_id;last_updated_on;Y;Y;Y;N;4;Y;Y;0;0;N;N;;<null>;<null>;;public;dwh_etl_state_register
2;public;control_sites;10;public;obo__control_sites;control_site_id;last_updated_on;Y;Y;Y;N;4;Y;Y;0;0;N;N;;<null>;<null>;;public;dwh_etl_state_register
2;public;cop_emissions_code;10;public;obo__cop_emissions_code;;;Y;Y;Y;N;4;Y;Y;0;0;N;N;;<null>;<null>;;public;dwh_etl_state_register
2;public;country;10;public;obo__country;;;Y;Y;Y;N;4;Y;Y;0;0;N;N;;<null>;<null>;;public;dwh_etl_state_register
2;public;cso_reference_type;10;public;obo__cso_reference_type;;;Y;Y;Y;N;4;Y;Y;0;0;N;N;;<null>;<null>;;public;dwh_etl_state_register
2;public;da_event_type;10;public;obo__da_event_type;;;Y;Y;Y;N;4;Y;Y;0;0;N;N;;<null>;<null>;;public;dwh_etl_state_register
2;public;da_mqapi_error_details;10;public;obo__da_mqapi_error_details;ared_id;;N;Y;N;N;1;Y;Y;0;0;N;N;;<null>;<null>;;public;dwh_etl_state_register
2;public;da_mqapi_req_type;10;public;obo__da_mqapi_req_type;;;Y;Y;Y;N;4;Y;Y;0;0;N;N;;<null>;<null>;;public;dwh_etl_state_register
2;public;da_mqapi_tracking;10;public;obo__da_mqapi_tracking;request_tracking_id;request_completed_timestamp;N;Y;Y;N;6;Y;Y;0;0;N;N;;<null>;<null>;;public;dwh_etl_state_register
2;public;dadd_restreq_tracking;10;public;obo__dadd_restreq_tracking;request_tracking_id;;N;Y;N;N;1;Y;Y;0;0;N;N;;<null>;<null>;;public;dwh_etl_state_register
2;public;dadd_restreq_type;10;public;obo__dadd_restreq_type;;;Y;Y;Y;N;4;Y;Y;0;0;N;N;;<null>;<null>;;public;dwh_etl_state_register
2;public;dadd_restres_error_details;10;public;obo__dadd_restres_error_details;rred_id;;N;Y;N;N;1;Y;Y;0;0;N;N;;<null>;<null>;;public;dwh_etl_state_register
2;public;dadd_restres_subcode;10;public;obo__dadd_restres_subcode;;;Y;Y;Y;N;4;Y;Y;0;0;N;N;;<null>;<null>;;public;dwh_etl_state_register
2;public;data_aggregator_processing_statistics;10;public;obo__data_aggregator_processing_statistics;daps_id;;N;Y;N;N;1;Y;Y;0;0;N;N;;<null>;<null>;;public;dwh_etl_state_register
2;public;data_authorities;10;public;obo__data_authorities;;;Y;Y;Y;N;4;Y;Y;0;0;N;N;;<null>;<null>;;public;dwh_etl_state_register
2;public;data_restreq_tracking;10;public;obo__data_restreq_tracking;request_tracking_id;request_completed_timestamp;N;Y;Y;N;6;Y;Y;0;0;N;N;;<null>;<null>;;public;dwh_etl_state_register
2;public;data_restreq_type;10;public;obo__data_restreq_type;;;Y;Y;Y;N;4;Y;Y;0;0;N;N;;<null>;<null>;;public;dwh_etl_state_register
2;public;data_restres_error_details;10;public;obo__data_restres_error_details;rred_id;;N;Y;N;N;1;Y;Y;0;0;N;N;;<null>;<null>;;public;dwh_etl_state_register
2;public;data_restres_subcode;10;public;obo__data_restres_subcode;;;Y;Y;Y;N;4;Y;Y;0;0;N;N;;<null>;<null>;;public;dwh_etl_state_register
2;public;data_signing_key_register;10;public;obo__data_signing_key_register;key_reference_id;;N;Y;N;N;1;Y;Y;0;0;N;N;;<null>;<null>;;public;dwh_etl_state_register
2;public;database_patch_log;10;public;obo__database_patch_log;database_patch_log_id;;N;Y;N;N;1;Y;Y;0;0;N;N;;<null>;<null>;;public;dwh_etl_state_register
2;public;datamodel_type;10;public;obo__datamodel_type;;;Y;Y;Y;N;4;Y;Y;0;0;N;N;;<null>;<null>;;public;dwh_etl_state_register
2;public;datamodel_version_tracking;10;public;obo__datamodel_version_tracking;dmvt_id;last_updated_on;N;Y;Y;N;6;Y;Y;0;0;N;N;;<null>;<null>;;public;dwh_etl_state_register
2;public;datamodels;10;public;obo__datamodels;;;Y;Y;Y;N;4;Y;Y;0;0;N;N;;<null>;<null>;;public;dwh_etl_state_register
2;public;db_object_size_statistics;10;public;obo__db_object_size_statistics;doss_id;;N;Y;N;N;1;Y;Y;0;0;N;N;;<null>;<null>;;public;dwh_etl_state_register
2;public;db_size_statistics;10;public;obo__db_size_statistics;dss_id;;N;Y;N;N;1;Y;Y;0;0;N;N;;<null>;<null>;;public;dwh_etl_state_register
2;public;dsrc_data_actionlist_matches;10;public;obo__dsrc_data_actionlist_matches;dsrcdalm_id;;N;Y;N;N;1;Y;Y;0;0;N;N;;<null>;<null>;;public;dwh_etl_state_register
2;public;dsrc_data_authenticator;10;public;obo__dsrc_data_authenticator;dda_id;;N;Y;N;N;1;Y;Y;0;0;N;N;;<null>;<null>;;public;dwh_etl_state_register
2;public;dsrc_data_receipt;10;public;obo__dsrc_data_receipt;ddr_id;;N;Y;N;N;1;Y;Y;0;0;N;N;;<null>;<null>;;public;dwh_etl_state_register
2;public;dsrc_data_vehicle;10;public;obo__dsrc_data_vehicle;ddv_id;;N;Y;N;N;1;Y;Y;0;0;N;N;;<null>;<null>;;public;dwh_etl_state_register
2;public;dsrc_mmi_codes;10;public;obo__dsrc_mmi_codes;;;Y;Y;Y;N;4;Y;Y;0;0;N;N;;<null>;<null>;;public;dwh_etl_state_register
2;public;dsrc_raw_xml;10;public;obo__dsrc_raw_xml;dsrcrxml_id;;N;Y;N;N;1;Y;Y;0;0;N;N;;<null>;<null>;;public;dwh_etl_state_register
2;public;duplicate_type;10;public;obo__duplicate_type;;;Y;Y;Y;N;4;Y;Y;0;0;N;N;;<null>;<null>;;public;dwh_etl_state_register
2;public;enforcement_watch_list;10;public;obo__enforcement_watch_list;record_id;;N;Y;N;N;1;Y;Y;0;0;N;N;;<null>;<null>;;public;dwh_etl_state_register
2;public;engineering_data;10;public;obo__engineering_data;engineering_data_id;;N;Y;N;N;1;Y;Y;0;0;N;N;;<null>;<null>;;public;dwh_etl_state_register
2;public;engineering_data_links;10;public;obo__engineering_data_links;engineering_data_link_id;;N;Y;N;N;1;Y;Y;0;0;N;N;;<null>;<null>;;public;dwh_etl_state_register
2;public;engineering_data_type;10;public;obo__engineering_data_type;;;Y;Y;Y;N;4;Y;Y;0;0;N;N;;<null>;<null>;;public;dwh_etl_state_register
2;public;euro_class_group;10;public;obo__euro_class_group;;;Y;Y;Y;N;4;Y;Y;0;0;N;N;;<null>;<null>;;public;dwh_etl_state_register
2;public;euro_emissions_class;10;public;obo__euro_emissions_class;;;Y;Y;Y;N;4;Y;Y;0;0;N;N;;<null>;<null>;;public;dwh_etl_state_register
2;public;exemption_list;10;public;obo__exemption_list;record_id;;N;Y;N;N;1;Y;Y;0;0;N;N;;<null>;<null>;;public;dwh_etl_state_register
2;public;file;10;public;obo__file;file_id;last_updated_on;N;Y;Y;N;6;Y;Y;0;0;N;N;;<null>;<null>;;public;dwh_etl_state_register
2;public;file_access_grants;10;public;obo__file_access_grants;file_access_grant_id;;N;Y;N;N;1;Y;Y;0;0;N;N;;<null>;<null>;;public;dwh_etl_state_register
2;public;file_data_management_type;10;public;obo__file_data_management_type;;;Y;Y;Y;N;4;Y;Y;0;0;N;N;;<null>;<null>;;public;dwh_etl_state_register
2;public;file_data_storage_status;10;public;obo__file_data_storage_status;;;Y;Y;Y;N;4;Y;Y;0;0;N;N;;<null>;<null>;;public;dwh_etl_state_register
2;public;file_data_storage_type;10;public;obo__file_data_storage_type;;;Y;Y;Y;N;4;Y;Y;0;0;N;N;;<null>;<null>;;public;dwh_etl_state_register
2;public;file_path;10;public;obo__file_path;file_path_id;;N;Y;N;N;1;Y;Y;0;0;N;N;;<null>;<null>;;public;dwh_etl_state_register
2;public;file_status;10;public;obo__file_status;;;Y;Y;Y;N;4;Y;Y;0;0;N;N;;<null>;<null>;;public;dwh_etl_state_register
2;public;file_type;10;public;obo__file_type;;;Y;Y;Y;N;4;Y;Y;0;0;N;N;;<null>;<null>;;public;dwh_etl_state_register
2;public;history_datamodel_version_tracking;10;public;obo__history_datamodel_version_tracking;history_event_id;last_updated_on;N;Y;Y;N;6;Y;Y;0;0;N;N;;<null>;<null>;;public;dwh_etl_state_register
2;public;history_event_type;10;public;obo__history_event_type;;;Y;Y;Y;N;4;Y;Y;0;0;N;N;;<null>;<null>;;public;dwh_etl_state_register
2;public;history_managed_process_versions;10;public;obo__history_managed_process_versions;history_event_id;last_updated_on;N;Y;Y;N;6;Y;Y;0;0;N;N;;<null>;<null>;;public;dwh_etl_state_register
2;public;hsm_register;10;public;obo__hsm_register;hsm_register_id;;N;Y;N;N;1;Y;Y;0;0;N;N;;<null>;<null>;;public;dwh_etl_state_register
2;public;hsm_status;10;public;obo__hsm_status;;;Y;Y;Y;N;4;Y;Y;0;0;N;N;;<null>;<null>;;public;dwh_etl_state_register
2;public;hsm_to_device_map;10;public;obo__hsm_to_device_map;hsm_register_id;;N;Y;Y;N;4;Y;Y;0;0;N;N;;<null>;<null>;;public;dwh_etl_state_register
2;public;image;10;public;obo__image;image_id;;N;Y;N;N;1;Y;Y;0;0;N;N;;<null>;<null>;;public;dwh_etl_state_register
2;public;image_data_signatures;10;public;obo__image_data_signatures;data_signature_id;;N;Y;N;N;1;Y;Y;0;0;N;N;;<null>;<null>;;public;dwh_etl_state_register
2;public;image_encoding_type;10;public;obo__image_encoding_type;;;Y;Y;Y;N;4;Y;Y;0;0;N;N;;<null>;<null>;;public;dwh_etl_state_register
2;public;image_roi;10;public;obo__image_roi;roi_id;;N;Y;N;N;1;Y;Y;0;0;N;N;;<null>;<null>;;public;dwh_etl_state_register
2;public;image_type;10;public;obo__image_type;;;Y;Y;Y;N;4;Y;Y;0;0;N;N;;<null>;<null>;;public;dwh_etl_state_register
2;public;image_view;10;public;obo__image_view;;;Y;Y;Y;N;4;Y;Y;0;0;N;N;;<null>;<null>;;public;dwh_etl_state_register
2;public;imageanalysis_restreq_tracking;10;public;obo__imageanalysis_restreq_tracking;request_tracking_id;;N;Y;N;N;1;Y;Y;0;0;N;N;;<null>;<null>;;public;dwh_etl_state_register
2;public;imageanalysis_restreq_type;10;public;obo__imageanalysis_restreq_type;;;Y;Y;Y;N;4;Y;Y;0;0;N;N;;<null>;<null>;;public;dwh_etl_state_register
2;public;imageanalysis_restres_error_details;10;public;obo__imageanalysis_restres_error_details;rred_id;;N;Y;N;N;1;Y;Y;0;0;N;N;;<null>;<null>;;public;dwh_etl_state_register
2;public;imageanalysis_restres_subcode;10;public;obo__imageanalysis_restres_subcode;;;Y;Y;Y;N;4;Y;Y;0;0;N;N;;<null>;<null>;;public;dwh_etl_state_register
2;public;java_exception_data;10;public;obo__java_exception_data;jed_id;;N;Y;N;N;1;Y;Y;0;0;N;N;;<null>;<null>;;public;dwh_etl_state_register
2;public;java_exception_data_links;10;public;obo__java_exception_data_links;java_exception_data_link_id;;N;Y;N;N;1;Y;Y;0;0;N;N;;<null>;<null>;;public;dwh_etl_state_register
2;public;key_status;10;public;obo__key_status;;;Y;Y;Y;N;4;Y;Y;0;0;N;N;;<null>;<null>;;public;dwh_etl_state_register
2;public;managed_process_control;10;public;obo__managed_process_control;mpc_id;heartbeat_timestamp;N;Y;Y;N;6;Y;Y;0;0;N;N;;<null>;<null>;;public;dwh_etl_state_register
2;public;managed_process_register;10;public;obo__managed_process_register;;;Y;Y;Y;N;4;Y;Y;0;0;N;N;;<null>;<null>;;public;dwh_etl_state_register
2;public;managed_process_versions;10;public;obo__managed_process_versions;mpv_id;last_updated_on;N;Y;Y;N;6;Y;Y;0;0;N;N;;<null>;<null>;;public;dwh_etl_state_register
2;public;manual_declaration_details;10;public;obo__manual_declaration_details;mdd_id;;N;Y;N;N;1;Y;Y;0;0;N;N;;<null>;<null>;;public;dwh_etl_state_register
2;public;manual_declaration_register;10;public;obo__manual_declaration_register;mdr_id;last_updated_on;N;Y;Y;N;6;Y;Y;0;0;N;N;;<null>;<null>;;public;dwh_etl_state_register
2;public;manual_declaration_status;10;public;obo__manual_declaration_status;;;Y;Y;Y;N;4;Y;Y;0;0;N;N;;<null>;<null>;;public;dwh_etl_state_register
2;public;manual_declaration_type;10;public;obo__manual_declaration_type;;;Y;Y;Y;N;4;Y;Y;0;0;N;N;;<null>;<null>;;public;dwh_etl_state_register
2;public;manualdeclaration_restreq_tracking;10;public;obo__manualdeclaration_restreq_tracking;request_tracking_id;;N;Y;N;N;1;Y;Y;0;0;N;N;;<null>;<null>;;public;dwh_etl_state_register
2;public;manualdeclaration_restreq_type;10;public;obo__manualdeclaration_restreq_type;;;Y;Y;Y;N;4;Y;Y;0;0;N;N;;<null>;<null>;;public;dwh_etl_state_register
2;public;manualdeclaration_restres_error_details;10;public;obo__manualdeclaration_restres_error_details;rred_id;;N;Y;N;N;1;Y;Y;0;0;N;N;;<null>;<null>;;public;dwh_etl_state_register
2;public;manualdeclaration_restres_subcode;10;public;obo__manualdeclaration_restres_subcode;;;Y;Y;Y;N;4;Y;Y;0;0;N;N;;<null>;<null>;;public;dwh_etl_state_register
2;public;manually_adjusted_rating_detail_data;10;public;obo__manually_adjusted_rating_detail_data;mardd_id;;N;Y;N;N;1;Y;Y;0;0;N;N;;<null>;<null>;;public;dwh_etl_state_register
2;public;mapdata_section_markers;10;public;obo__mapdata_section_markers;mapdatamar_id;;N;Y;N;N;1;Y;Y;0;0;N;N;;<null>;<null>;;public;dwh_etl_state_register
2;public;mapdata_section_polylines;10;public;obo__mapdata_section_polylines;mapdatapl_id;;N;Y;N;N;1;Y;Y;0;0;N;N;;<null>;<null>;;public;dwh_etl_state_register
2;public;mex_dedupe_pool_rseda_passages;10;public;obo__mex_dedupe_pool_rseda_passages;pool_item_id;;N;Y;N;N;1;Y;Y;0;0;N;N;;<null>;<null>;;public;dwh_etl_state_register
2;public;mex_event_category;10;public;obo__mex_event_category;;;Y;Y;Y;N;4;Y;Y;0;0;N;N;;<null>;<null>;;public;dwh_etl_state_register
2;public;obu_black_list;10;public;obo__obu_black_list;record_id;;N;Y;N;N;1;Y;Y;0;0;N;N;;<null>;<null>;;public;dwh_etl_state_register
2;public;obu_manufacturers;10;public;obo__obu_manufacturers;;;Y;Y;Y;N;4;Y;Y;0;0;N;N;;<null>;<null>;;public;dwh_etl_state_register
2;public;obu_register;10;public;obo__obu_register;obu_register_id;last_seen_on;N;Y;Y;N;6;Y;Y;0;0;N;N;;<null>;<null>;;public;dwh_etl_state_register
2;public;obu_register_status;10;public;obo__obu_register_status;;;Y;Y;Y;N;4;Y;Y;0;0;N;N;;<null>;<null>;;public;dwh_etl_state_register
2;public;passage_event_data_signatures;10;public;obo__passage_event_data_signatures;data_signature_id;;N;Y;N;N;1;Y;Y;0;0;N;N;;<null>;<null>;;public;dwh_etl_state_register
2;public;passage_event_derived_data;10;public;obo__passage_event_derived_data;pedd_id;last_updated_on;N;Y;Y;N;6;Y;Y;0;0;N;N;;<null>;<null>;;public;dwh_etl_state_register
2;public;passage_event_derived_data_details;10;public;obo__passage_event_derived_data_details;pedd_id;last_updated_on;N;Y;Y;N;6;Y;Y;0;0;N;N;;<null>;<null>;;public;dwh_etl_state_register
2;public;passage_event_dsrc_data;10;public;obo__passage_event_dsrc_data;pe_dsrc_data_id;;N;Y;N;N;1;Y;Y;0;0;N;N;;<null>;<null>;;public;dwh_etl_state_register
2;public;passage_event_duplicate_register;10;public;obo__passage_event_duplicate_register;pedr_id;;N;Y;N;N;1;Y;Y;0;0;N;N;;<null>;<null>;;public;dwh_etl_state_register
2;public;passage_event_gps_data;10;public;obo__passage_event_gps_data;gps_data_id;;N;Y;N;N;1;Y;Y;0;0;N;N;;<null>;<null>;;public;dwh_etl_state_register
2;public;passage_event_image_data;10;public;obo__passage_event_image_data;peid_id;;N;Y;N;N;1;Y;Y;0;0;N;N;;<null>;<null>;;public;dwh_etl_state_register
2;public;passage_event_rse_logic_data;10;public;obo__passage_event_rse_logic_data;perseld_id;;N;Y;N;N;1;Y;Y;0;0;N;N;;<null>;<null>;;public;dwh_etl_state_register
2;public;passage_event_type;10;public;obo__passage_event_type;;;Y;Y;Y;N;4;Y;Y;0;0;N;N;;<null>;<null>;;public;dwh_etl_state_register
2;public;passage_event_vehicle_data;10;public;obo__passage_event_vehicle_data;pe_vehicle_data_id;;N;Y;N;N;1;Y;Y;0;0;N;N;;<null>;<null>;;public;dwh_etl_state_register
2;public;passage_events;10;public;obo__passage_events;passage_event_id;;N;Y;N;N;1;Y;Y;0;0;N;N;;<null>;<null>;;public;dwh_etl_state_register
2;public;pe_datalifecycle_control;10;public;obo__pe_datalifecycle_control;pedlc_id;;N;Y;N;N;1;Y;Y;0;0;N;N;;<null>;<null>;;public;dwh_etl_state_register
2;public;pe_datalifecycle_status;10;public;obo__pe_datalifecycle_status;;;Y;Y;Y;N;4;Y;Y;0;0;N;N;;<null>;<null>;;public;dwh_etl_state_register
2;public;pedd_processing_queue;10;public;obo__pedd_processing_queue;pedd_processing_queue_id;completed_timestamp;N;Y;Y;N;6;Y;Y;0;0;N;N;;<null>;<null>;;public;dwh_etl_state_register
2;public;pedd_status;10;public;obo__pedd_status;;;Y;Y;Y;N;4;Y;Y;0;0;N;N;;<null>;<null>;;public;dwh_etl_state_register
2;public;priority_class;10;public;obo__priority_class;;;Y;Y;Y;N;4;Y;Y;0;0;N;N;;<null>;<null>;;public;dwh_etl_state_register
2;public;process_state;10;public;obo__process_state;;;Y;Y;Y;N;4;Y;Y;0;0;N;N;;<null>;<null>;;public;dwh_etl_state_register
2;public;processing_queue_status;10;public;obo__processing_queue_status;;;Y;Y;Y;N;4;Y;Y;0;0;N;N;;<null>;<null>;;public;dwh_etl_state_register
2;public;property_collection_data;10;public;obo__property_collection_data;property_collection_data_id;;N;Y;N;N;1;Y;Y;0;0;N;N;;<null>;<null>;;public;dwh_etl_state_register
2;public;property_collection_links;10;public;obo__property_collection_links;property_collection_link_id;;N;Y;N;N;1;Y;Y;0;0;N;N;;<null>;<null>;;public;dwh_etl_state_register
2;public;property_collections;10;public;obo__property_collections;property_collection_id;;N;Y;N;N;1;Y;Y;0;0;N;N;;<null>;<null>;;public;dwh_etl_state_register
2;public;publishing_queue_status;10;public;obo__publishing_queue_status;;;Y;Y;Y;N;4;Y;Y;0;0;N;N;;<null>;<null>;;public;dwh_etl_state_register
2;public;rate_component_fee_category;10;public;obo__rate_component_fee_category;;;Y;Y;Y;N;4;Y;Y;0;0;N;N;;<null>;<null>;;public;dwh_etl_state_register
2;public;rate_component_fee_type;10;public;obo__rate_component_fee_type;;;Y;Y;Y;N;4;Y;Y;0;0;N;N;;<null>;<null>;;public;dwh_etl_state_register
2;public;rate_modification_category;10;public;obo__rate_modification_category;;;Y;Y;Y;N;4;Y;Y;0;0;N;N;;<null>;<null>;;public;dwh_etl_state_register
2;public;rate_modification_reason;10;public;obo__rate_modification_reason;;;Y;Y;Y;N;4;Y;Y;0;0;N;N;;<null>;<null>;;public;dwh_etl_state_register
2;public;record_status;10;public;obo__record_status;;;Y;Y;Y;N;4;Y;Y;0;0;N;N;;<null>;<null>;;public;dwh_etl_state_register
2;public;road_scheme_source;10;public;obo__road_scheme_source;road_scheme_source_id;;N;Y;N;N;1;Y;Y;0;0;N;N;;<null>;<null>;;public;dwh_etl_state_register
2;public;road_scheme_status;10;public;obo__road_scheme_status;;;Y;Y;Y;N;4;Y;Y;0;0;N;N;;<null>;<null>;;public;dwh_etl_state_register
2;public;road_scheme_validity;10;public;obo__road_scheme_validity;road_scheme_id;last_updated_on;N;Y;Y;N;6;Y;Y;0;0;N;N;;<null>;<null>;;public;dwh_etl_state_register
2;public;road_sections;10;public;obo__road_sections;road_section_id;;N;Y;N;N;1;Y;Y;0;0;N;N;;<null>;<null>;;public;dwh_etl_state_register
2;public;road_segments;10;public;obo__road_segments;road_segment_id;;N;Y;N;N;1;Y;Y;0;0;N;N;;<null>;<null>;;public;dwh_etl_state_register
2;public;roads;10;public;obo__roads;road_id;;N;Y;N;N;1;Y;Y;0;0;N;N;;<null>;<null>;;public;dwh_etl_state_register
2;public;roadside_received_data_tracking;10;public;obo__roadside_received_data_tracking;rrdt_id;;N;Y;N;N;1;Y;Y;0;0;N;N;;<null>;<null>;;public;dwh_etl_state_register
2;public;roi_producer;10;public;obo__roi_producer;;;Y;Y;Y;N;4;Y;Y;0;0;N;N;;<null>;<null>;;public;dwh_etl_state_register
2;public;roi_type;10;public;obo__roi_type;;;Y;Y;Y;N;4;Y;Y;0;0;N;N;;<null>;<null>;;public;dwh_etl_state_register
2;public;rse_alpr_status;10;public;obo__rse_alpr_status;;;Y;Y;Y;N;4;Y;Y;0;0;N;N;;<null>;<null>;;public;dwh_etl_state_register
2;public;rse_cc_axles_check;10;public;obo__rse_cc_axles_check;;;Y;Y;Y;N;4;Y;Y;0;0;N;N;;<null>;<null>;;public;dwh_etl_state_register
2;public;rse_cc_dsrc_check;10;public;obo__rse_cc_dsrc_check;;;Y;Y;Y;N;4;Y;Y;0;0;N;N;;<null>;<null>;;public;dwh_etl_state_register
2;public;rse_cc_lpn_check;10;public;obo__rse_cc_lpn_check;;;Y;Y;Y;N;4;Y;Y;0;0;N;N;;<null>;<null>;;public;dwh_etl_state_register
2;public;rse_non_compliance_reason;10;public;obo__rse_non_compliance_reason;;;Y;Y;Y;N;4;Y;Y;0;0;N;N;;<null>;<null>;;public;dwh_etl_state_register
2;public;rse_passage_type;10;public;obo__rse_passage_type;;;Y;Y;Y;N;4;Y;Y;0;0;N;N;;<null>;<null>;;public;dwh_etl_state_register
2;public;scheme_compliance_category;10;public;obo__scheme_compliance_category;;;Y;Y;Y;N;4;Y;Y;0;0;N;N;;<null>;<null>;;public;dwh_etl_state_register
2;public;scheme_compliance_sub_category;10;public;obo__scheme_compliance_sub_category;;;Y;Y;Y;N;4;Y;Y;0;0;N;N;;<null>;<null>;;public;dwh_etl_state_register
2;public;scheme_liability_category;10;public;obo__scheme_liability_category;;;Y;Y;Y;N;4;Y;Y;0;0;N;N;;<null>;<null>;;public;dwh_etl_state_register
2;public;scheme_tz;10;public;obo__scheme_tz;;;Y;Y;Y;N;4;Y;Y;0;0;N;N;;<null>;<null>;;public;dwh_etl_state_register
2;public;security_authentication_type;10;public;obo__security_authentication_type;;;Y;Y;Y;N;4;Y;Y;0;0;N;N;;<null>;<null>;;public;dwh_etl_state_register
2;public;security_realms;10;public;obo__security_realms;;;Y;Y;Y;N;4;Y;Y;0;0;N;N;;<null>;<null>;;public;dwh_etl_state_register
2;public;security_roles;10;public;obo__security_roles;;;Y;Y;Y;N;4;Y;Y;0;0;N;N;;<null>;<null>;;public;dwh_etl_state_register
2;public;servicehost_restreq_errors;10;public;obo__servicehost_restreq_errors;request_tracking_id;;N;Y;N;N;1;Y;Y;0;0;N;N;;<null>;<null>;;public;dwh_etl_state_register
2;public;sid_register;10;public;obo__sid_register;sid;last_updated_on;N;Y;Y;N;6;Y;Y;0;0;N;N;;<null>;<null>;;public;dwh_etl_state_register
2;public;sid_roles;10;public;obo__sid_roles;;;Y;Y;Y;N;4;Y;Y;0;0;N;N;;<null>;<null>;;public;dwh_etl_state_register
2;public;status_list_code_map_type;10;public;obo__status_list_code_map_type;;;Y;Y;Y;N;4;Y;Y;0;0;N;N;;<null>;<null>;;public;dwh_etl_state_register
2;public;status_list_event_queue;10;public;obo__status_list_event_queue;status_list_event_queue_id;;N;Y;N;N;1;Y;Y;0;0;N;N;;<null>;<null>;;public;dwh_etl_state_register
2;public;status_list_event_type;10;public;obo__status_list_event_type;;;Y;Y;Y;N;4;Y;Y;0;0;N;N;;<null>;<null>;;public;dwh_etl_state_register
2;public;status_list_publish_status;10;public;obo__status_list_publish_status;;last_published_timestamp;N;Y;Y;N;4;Y;Y;0;0;N;N;;<null>;<null>;;public;dwh_etl_state_register
2;public;status_list_reason_code;10;public;obo__status_list_reason_code;;;Y;Y;Y;N;4;Y;Y;0;0;N;N;;<null>;<null>;;public;dwh_etl_state_register
2;public;status_list_type;10;public;obo__status_list_type;;;Y;Y;Y;N;4;Y;Y;0;0;N;N;;<null>;<null>;;public;dwh_etl_state_register
2;public;tariff_scheme_data;10;public;obo__tariff_scheme_data;tariff_scheme_data_id;;N;Y;N;N;1;Y;Y;0;0;N;N;;<null>;<null>;;public;dwh_etl_state_register
2;public;tariff_scheme_exception_register;10;public;obo__tariff_scheme_exception_register;tser_id;last_updated_on;N;Y;Y;N;6;Y;Y;0;0;N;N;;<null>;<null>;;public;dwh_etl_state_register
2;public;tariff_scheme_exception_status;10;public;obo__tariff_scheme_exception_status;;;Y;Y;Y;N;4;Y;Y;0;0;N;N;;<null>;<null>;;public;dwh_etl_state_register
2;public;tariff_scheme_exception_type;10;public;obo__tariff_scheme_exception_type;;;Y;Y;Y;N;4;Y;Y;0;0;N;N;;<null>;<null>;;public;dwh_etl_state_register
2;public;tariff_scheme_source;10;public;obo__tariff_scheme_source;tariff_scheme_source_id;;N;Y;N;N;1;Y;Y;0;0;N;N;;<null>;<null>;;public;dwh_etl_state_register
2;public;tariff_scheme_status;10;public;obo__tariff_scheme_status;;;Y;Y;Y;N;4;Y;Y;0;0;N;N;;<null>;<null>;;public;dwh_etl_state_register
2;public;tariff_scheme_validity;10;public;obo__tariff_scheme_validity;tariff_scheme_id;last_updated_on;N;Y;Y;N;6;Y;Y;0;0;N;N;;<null>;<null>;;public;dwh_etl_state_register
2;public;toll_declaration_publishing_queue;10;public;obo__toll_declaration_publishing_queue;tdpq_id;completed_timestamp;N;Y;Y;N;6;Y;Y;0;0;N;N;;<null>;<null>;;public;dwh_etl_state_register
2;public;tollcalculator_restreq_tracking;10;public;obo__tollcalculator_restreq_tracking;request_tracking_id;;N;Y;N;N;1;Y;Y;0;0;N;N;;<null>;<null>;;public;dwh_etl_state_register
2;public;tollcalculator_restreq_type;10;public;obo__tollcalculator_restreq_type;;;Y;Y;Y;N;4;Y;Y;0;0;N;N;;<null>;<null>;;public;dwh_etl_state_register
2;public;tollcalculator_restres_error_details;10;public;obo__tollcalculator_restres_error_details;rred_id;;N;Y;N;N;1;Y;Y;0;0;N;N;;<null>;<null>;;public;dwh_etl_state_register
2;public;tollcalculator_restres_subcode;10;public;obo__tollcalculator_restres_subcode;;;Y;Y;Y;N;4;Y;Y;0;0;N;N;;<null>;<null>;;public;dwh_etl_state_register
2;public;topology_restreq_tracking;10;public;obo__topology_restreq_tracking;request_tracking_id;;N;Y;N;N;1;Y;Y;0;0;N;N;;<null>;<null>;;public;dwh_etl_state_register
2;public;topology_restreq_type;10;public;obo__topology_restreq_type;;;Y;Y;Y;N;4;Y;Y;0;0;N;N;;<null>;<null>;;public;dwh_etl_state_register
2;public;topology_restres_error_details;10;public;obo__topology_restres_error_details;rred_id;;N;Y;N;N;1;Y;Y;0;0;N;N;;<null>;<null>;;public;dwh_etl_state_register
2;public;topology_restres_subcode;10;public;obo__topology_restres_subcode;;;Y;Y;Y;N;4;Y;Y;0;0;N;N;;<null>;<null>;;public;dwh_etl_state_register
2;public;topology_road_section_control_points;10;public;obo__topology_road_section_control_points;toporscp_id;;N;Y;N;N;1;Y;Y;0;0;N;N;;<null>;<null>;;public;dwh_etl_state_register
2;public;topology_road_sections;10;public;obo__topology_road_sections;toporsec_id;;N;Y;N;N;1;Y;Y;0;0;N;N;;<null>;<null>;;public;dwh_etl_state_register
2;public;topology_road_segments;10;public;obo__topology_road_segments;toporseg_id;;N;Y;N;N;1;Y;Y;0;0;N;N;;<null>;<null>;;public;dwh_etl_state_register
2;public;transaction_adjustment_publishing_queue;10;public;obo__transaction_adjustment_publishing_queue;tapq_id;completed_timestamp;N;Y;Y;N;6;Y;Y;0;0;N;N;;<null>;<null>;;public;dwh_etl_state_register
2;public;transaction_adjustment_register;10;public;obo__transaction_adjustment_register;tar_id;last_updated_on;N;Y;Y;N;6;Y;Y;0;0;N;N;;<null>;<null>;;public;dwh_etl_state_register
2;public;transaction_adjustment_status;10;public;obo__transaction_adjustment_status;;;Y;Y;Y;N;4;Y;Y;0;0;N;N;;<null>;<null>;;public;dwh_etl_state_register
2;public;transaction_adjustment_subtype;10;public;obo__transaction_adjustment_subtype;;;Y;Y;Y;N;4;Y;Y;0;0;N;N;;<null>;<null>;;public;dwh_etl_state_register
2;public;transaction_adjustment_type;10;public;obo__transaction_adjustment_type;;;Y;Y;Y;N;4;Y;Y;0;0;N;N;;<null>;<null>;;public;dwh_etl_state_register
2;public;transactionadjustment_restreq_tracking;10;public;obo__transactionadjustment_restreq_tracking;request_tracking_id;;N;Y;N;N;1;Y;Y;0;0;N;N;;<null>;<null>;;public;dwh_etl_state_register
2;public;transactionadjustment_restreq_type;10;public;obo__transactionadjustment_restreq_type;;;Y;Y;Y;N;4;Y;Y;0;0;N;N;;<null>;<null>;;public;dwh_etl_state_register
2;public;transactionadjustment_restres_error_details;10;public;obo__transactionadjustment_restres_error_details;rred_id;;N;Y;N;N;1;Y;Y;0;0;N;N;;<null>;<null>;;public;dwh_etl_state_register
2;public;transactionadjustment_restres_subcode;10;public;obo__transactionadjustment_restres_subcode;;;Y;Y;Y;N;4;Y;Y;0;0;N;N;;<null>;<null>;;public;dwh_etl_state_register
2;public;vat_scheme_data;10;public;obo__vat_scheme_data;vat_scheme_data_id;;N;Y;N;N;1;Y;Y;0;0;N;N;;<null>;<null>;;public;dwh_etl_state_register
2;public;vat_scheme_source;10;public;obo__vat_scheme_source;vat_scheme_source_id;;N;Y;N;N;1;Y;Y;0;0;N;N;;<null>;<null>;;public;dwh_etl_state_register
2;public;vat_scheme_status;10;public;obo__vat_scheme_status;;;Y;Y;Y;N;4;Y;Y;0;0;N;N;;<null>;<null>;;public;dwh_etl_state_register
2;public;vat_scheme_validity;10;public;obo__vat_scheme_validity;vat_scheme_id;last_updated_on;N;Y;Y;N;6;Y;Y;0;0;N;N;;<null>;<null>;;public;dwh_etl_state_register
2;public;vehicle_data_actionlist_matches;10;public;obo__vehicle_data_actionlist_matches;vdalm_id;lookup_timestamp;N;Y;Y;N;6;Y;Y;0;0;N;N;;<null>;<null>;;public;dwh_etl_state_register
2;public;vehicle_register;10;public;obo__vehicle_register;vehicle_register_id;last_seen_on;N;Y;Y;N;6;Y;Y;0;0;N;N;;<null>;<null>;;public;dwh_etl_state_register
2;public;vehicle_register_status;10;public;obo__vehicle_register_status;;;Y;Y;Y;N;4;Y;Y;0;0;N;N;;<null>;<null>;;public;dwh_etl_state_register
2;public;wepe_status;10;public;obo__wepe_status;;;Y;Y;Y;N;4;Y;Y;0;0;N;N;;<null>;<null>;;public;dwh_etl_state_register
2;public;workflow_engine_active_workflows;10;public;obo__workflow_engine_active_workflows;weawf_id;;N;Y;N;N;1;Y;Y;0;0;N;N;;<null>;<null>;;public;dwh_etl_state_register
2;public;workflow_engine_processing_exceptions;10;public;obo__workflow_engine_processing_exceptions;wepe_id;requeued_on;N;Y;Y;N;6;Y;Y;0;0;N;N;;<null>;<null>;;public;dwh_etl_state_register
2;public;workflow_engine_workflow_history;10;public;obo__workflow_engine_workflow_history;wewfh_id;workflow_completion_timestamp;N;Y;Y;N;6;Y;Y;0;0;N;N;;<null>;<null>;;public;dwh_etl_state_register
2;public;workflow_engine_workflow_step_history;10;public;obo__workflow_engine_workflow_step_history;wewfsh_id;;N;Y;N;N;1;Y;Y;0;0;N;N;;<null>;<null>;;public;dwh_etl_state_register
2;public;workflow_register;10;public;obo__workflow_register;workflow_id;;N;Y;N;N;1;Y;Y;0;0;N;N;;<null>;<null>;;public;dwh_etl_state_register
2;public;workflow_step_register;10;public;obo__workflow_step_register;workflow_step_id;;N;Y;N;N;1;Y;Y;0;0;N;N;;<null>;<null>;;public;dwh_etl_state_register
4;public;country;10;public;odms__country;;;Y;Y;Y;N;4;Y;Y;0;0;N;N;;<null>;<null>;;public;dwh_etl_state_register
4;public;cso_reference_type;10;public;odms__cso_reference_type;;;Y;Y;Y;N;4;Y;Y;0;0;N;N;;<null>;<null>;;public;dwh_etl_state_register
4;public;database_patch_log;10;public;odms__database_patch_log;database_patch_log_id;;N;Y;N;N;1;Y;Y;0;0;N;N;;<null>;<null>;;public;dwh_etl_state_register
4;public;datamodel_type;10;public;odms__datamodel_type;;;Y;Y;Y;N;4;Y;Y;0;0;N;N;;<null>;<null>;;public;dwh_etl_state_register
4;public;datamodel_version_tracking;10;public;odms__datamodel_version_tracking;dmvt_id;last_updated_on;N;Y;Y;N;6;Y;Y;0;0;N;N;;<null>;<null>;;public;dwh_etl_state_register
4;public;datamodels;10;public;odms__datamodels;;;Y;Y;Y;N;4;Y;Y;0;0;N;N;;<null>;<null>;;public;dwh_etl_state_register
4;public;db_object_size_statistics;10;public;odms__db_object_size_statistics;doss_id;;N;Y;N;N;1;Y;Y;0;0;N;N;;<null>;<null>;;public;dwh_etl_state_register
4;public;db_size_statistics;10;public;odms__db_size_statistics;dss_id;;N;Y;N;N;1;Y;Y;0;0;N;N;;<null>;<null>;;public;dwh_etl_state_register
4;public;engineering_data;10;public;odms__engineering_data;engineering_data_id;;N;Y;N;N;1;Y;Y;0;0;N;N;;<null>;<null>;;public;dwh_etl_state_register
4;public;engineering_data_links;10;public;odms__engineering_data_links;engineering_data_link_id;;N;Y;N;N;1;Y;Y;0;0;N;N;;<null>;<null>;;public;dwh_etl_state_register
4;public;engineering_data_type;10;public;odms__engineering_data_type;;;Y;Y;Y;N;4;Y;Y;0;0;N;N;;<null>;<null>;;public;dwh_etl_state_register
4;public;history_datamodel_version_tracking;10;public;odms__history_datamodel_version_tracking;history_event_id;last_updated_on;N;Y;Y;N;6;Y;Y;0;0;N;N;;<null>;<null>;;public;dwh_etl_state_register
4;public;history_event_type;10;public;odms__history_event_type;;;Y;Y;Y;N;4;Y;Y;0;0;N;N;;<null>;<null>;;public;dwh_etl_state_register
4;public;history_managed_process_versions;10;public;odms__history_managed_process_versions;history_event_id;last_updated_on;N;Y;Y;N;6;Y;Y;0;0;N;N;;<null>;<null>;;public;dwh_etl_state_register
4;public;java_exception_data;10;public;odms__java_exception_data;jed_id;;N;Y;N;N;1;Y;Y;0;0;N;N;;<null>;<null>;;public;dwh_etl_state_register
4;public;java_exception_data_links;10;public;odms__java_exception_data_links;java_exception_data_link_id;;N;Y;N;N;1;Y;Y;0;0;N;N;;<null>;<null>;;public;dwh_etl_state_register
4;public;managed_process_control;10;public;odms__managed_process_control;mpc_id;heartbeat_timestamp;N;Y;Y;N;6;Y;Y;0;0;N;N;;<null>;<null>;;public;dwh_etl_state_register
4;public;managed_process_register;10;public;odms__managed_process_register;;;Y;Y;Y;N;4;Y;Y;0;0;N;N;;<null>;<null>;;public;dwh_etl_state_register
4;public;managed_process_versions;10;public;odms__managed_process_versions;mpv_id;last_updated_on;N;Y;Y;N;6;Y;Y;0;0;N;N;;<null>;<null>;;public;dwh_etl_state_register
4;public;mex_event_category;10;public;odms__mex_event_category;;;Y;Y;Y;N;4;Y;Y;0;0;N;N;;<null>;<null>;;public;dwh_etl_state_register
4;public;odms_api_request_tracking;10;public;odms__odms_api_request_tracking;request_tracking_id;;N;Y;N;N;1;Y;Y;0;0;N;N;;<null>;<null>;;public;dwh_etl_state_register
4;public;odms_api_request_type;10;public;odms__odms_api_request_type;;;Y;Y;Y;N;4;Y;Y;0;0;N;N;;<null>;<null>;;public;dwh_etl_state_register
4;public;odms_personalisation_data;10;public;odms__odms_personalisation_data;odmspd_id;;N;Y;N;N;1;Y;Y;0;0;N;N;;<null>;<null>;;public;dwh_etl_state_register
4;public;odms_personalisation_register;10;public;odms__odms_personalisation_register;odmspr_id;;N;Y;N;N;1;Y;Y;0;0;N;N;;<null>;<null>;;public;dwh_etl_state_register
4;public;odms_qpertino_event_tracking;10;public;odms__odms_qpertino_event_tracking;odmsqpevnt_id;;N;Y;N;N;1;Y;Y;0;0;N;N;;<null>;<null>;;public;dwh_etl_state_register
4;public;odms_rest_response_error_details;10;public;odms__odms_rest_response_error_details;orred_id;;N;Y;N;N;1;Y;Y;0;0;N;N;;<null>;<null>;;public;dwh_etl_state_register
4;public;odms_rest_response_subcode;10;public;odms__odms_rest_response_subcode;;;Y;Y;Y;N;4;Y;Y;0;0;N;N;;<null>;<null>;;public;dwh_etl_state_register
4;public;odms_session_completion_type;10;public;odms__odms_session_completion_type;;;Y;Y;Y;N;4;Y;Y;0;0;N;N;;<null>;<null>;;public;dwh_etl_state_register
4;public;odms_session_status;10;public;odms__odms_session_status;;;Y;Y;Y;N;4;Y;Y;0;0;N;N;;<null>;<null>;;public;dwh_etl_state_register
4;public;odms_session_tracking;10;public;odms__odms_session_tracking;session_tracking_id;session_end_timestamp;N;Y;Y;N;6;Y;Y;0;0;N;N;;<null>;<null>;;public;dwh_etl_state_register
4;public;odms_session_type;10;public;odms__odms_session_type;;;Y;Y;Y;N;4;Y;Y;0;0;N;N;;<null>;<null>;;public;dwh_etl_state_register
4;public;process_state;10;public;odms__process_state;;;Y;Y;Y;N;4;Y;Y;0;0;N;N;;<null>;<null>;;public;dwh_etl_state_register
4;public;property_collection_data;10;public;odms__property_collection_data;property_collection_data_id;;N;Y;N;N;1;Y;Y;0;0;N;N;;<null>;<null>;;public;dwh_etl_state_register
4;public;property_collection_links;10;public;odms__property_collection_links;property_collection_link_id;;N;Y;N;N;1;Y;Y;0;0;N;N;;<null>;<null>;;public;dwh_etl_state_register
4;public;property_collections;10;public;odms__property_collections;property_collection_id;;N;Y;N;N;1;Y;Y;0;0;N;N;;<null>;<null>;;public;dwh_etl_state_register
4;public;qpertino_event_type;10;public;odms__qpertino_event_type;;;Y;Y;Y;N;4;Y;Y;0;0;N;N;;<null>;<null>;;public;dwh_etl_state_register
4;public;security_authentication_type;10;public;odms__security_authentication_type;;;Y;Y;Y;N;4;Y;Y;0;0;N;N;;<null>;<null>;;public;dwh_etl_state_register
4;public;security_realms;10;public;odms__security_realms;;;Y;Y;Y;N;4;Y;Y;0;0;N;N;;<null>;<null>;;public;dwh_etl_state_register
4;public;security_roles;10;public;odms__security_roles;;;Y;Y;Y;N;4;Y;Y;0;0;N;N;;<null>;<null>;;public;dwh_etl_state_register
4;public;sid_register;10;public;odms__sid_register;sid;last_updated_on;N;Y;Y;N;6;Y;Y;0;0;N;N;;<null>;<null>;;public;dwh_etl_state_register
4;public;sid_roles;10;public;odms__sid_roles;;;Y;Y;Y;N;4;Y;Y;0;0;N;N;;<null>;<null>;;public;dwh_etl_state_register
